"","Bulk_Variants","SRR7245880","SRR7245887","SRR7245909","SRR7245915","SRR7245929","SRR7245937","SRR7245942","SRR7245944","SRR7245945"
"1",3107,3107,NA,NA,3107,NA,NA,NA,NA,NA
"2",4037,NA,NA,NA,NA,NA,NA,NA,NA,NA
"3",4123,4123,NA,NA,4123,NA,NA,NA,NA,NA
"4",6690,6690,NA,NA,NA,NA,NA,NA,NA,NA
"5",6695,6695,NA,NA,NA,NA,NA,NA,NA,NA
"6",7122,7122,NA,NA,NA,NA,NA,NA,NA,NA
"7",7667,7667,NA,NA,NA,NA,NA,NA,NA,NA
"8",7789,7789,NA,NA,NA,NA,NA,NA,NA,NA
"9",7827,7827,NA,NA,NA,NA,NA,NA,NA,NA
"10",7831,7831,NA,NA,NA,NA,NA,NA,NA,NA
"11",7832,NA,NA,NA,NA,NA,NA,NA,NA,NA
"12",8002,8002,NA,NA,NA,NA,NA,NA,NA,NA
"13",8684,8684,NA,NA,NA,NA,NA,NA,NA,NA
"14",8701,8701,NA,8701,8701,NA,NA,NA,NA,NA
"15",8702,8702,NA,NA,NA,NA,NA,NA,NA,NA
"16",11719,NA,11719,11719,NA,NA,NA,11719,NA,NA
"17",16175,16175,16175,NA,16175,NA,NA,NA,NA,NA
